M1,Spider-Man: Brand New Day,145,posters/m1.jpg
M2,Pacific Rim,131,posters/m2.jpg
M3,Ghost Rider,110,posters/m3.jpg
M4,Jurassic Park III,92,posters/m4.jpg
M5,Blade Runner 2049,164,posters/m5.jpg
M6,Hello World,97,posters/m6.jpg
M7,Your Name,106,posters/m7.jpg
M8,Weathering with You,112,posters/m8.jpg
M9,Inception,148,posters/m9.jpg
M10,Interstellar,169,posters/m10.jpg
M11,Oppenheimer,180,posters/m11.jpg
M12,Parasite,132,posters/m12.jpg
M13,Spirited Away,125,posters/m13.jpg
M14,The Dark Knight,152,posters/m14.jpg
M15,คู่แรด,110,posters/m15.jpg